example_no,abuse_severity,group,prev_agent,prev_user,agent,user
11560,1,friendly,:-) Goodbye then!,wait,You can find out more about how offsets are calculated at <URL>,no
7852,1,friendly,ok,what can you do,I can help you calculate and buy carbon offsets for your flights.,I want to buy
4935,1,friendly,Please go on.,fuck,Please go on.,what about????????
10904,1,friendly,Please go on.,sdfsdfsdfsd,Please go on.,do you smell?
7519,1,friendly,ok,Thanks,:-),a
2616,1,friendly,Please go on.,Well.,Please go on.,I'm a little constipated.
9848,1,friendly,so,buy,Will you be travelling in Economy Class?,yes
3310,1,friendly,Please go on.,Do you like making friends?,"Oh, i like making friends.",canyoutellmehowoldareyou
8127,1,friendly,You are being a bit negative.,what time is it?,Does that question interest you?,i am not
1943,1,friendly,You are sure?,yes,You are sure?,I'm a brown dog.
11043,1,friendly,I'm not sure but hopefully you can find an answer on the project website.,maybe,so,lol what?
3676,1,friendly,Does that question interest you?,"It does, deeply",Please go on.,How are you doing?
6866,1,friendly,You are being a bit negative.,i no cause u r being dumb,Can you elaborate on that?,i love u
11090,1,friendly,I can help you calculate and buy carbon offsets for your flights.,"Right, I'm flying from Bologna to London",Will you be travelling in Economy Class?,Yes This is amazing
2514,1,friendly,What city will you be flying from?,Pittsburgh,And what city will you be flying to?,Saint Petersburg
5768,1,friendly,ok,I don't want to buy offsets,ok,restart
5014,1,friendly,What city will you be flying from?,Fra,I'm not sure about your departure airport. What city will you be flying from?,Frankfurt
3622,1,friendly,I'm great! Thanks for asking.,What your name,"Yes, I am a bot! And I'm part of a research project.",Get me coffee
5294,1,friendly,Will you be travelling in Economy Class?,no first class do offsets really work?,"By buying certified carbon offsets, you support a project which reduces the total amount of carbon dioxide we put into the atmosphere. Planting trees, installing renewable power, and making buildings more energy efficient are common examples. You can read in detail about offsets at <URL>. I can also get you a more accurate estimate of your flight's emissions, sound good?",restart
643,1,friendly,What city will you be flying from?,SF,And what city will you be flying to?,Dallas
1603,1,friendly,Will you be travelling in Economy Class?,yes,What city will you be flying from?,İstanbul
5377,1,friendly,You are being a bit negative.,tu es bien?,Please go on.,so
10939,1,friendly,_,_,_,yah i need to know
2530,1,friendly,Please go on.,no,You are being a bit negative.,because the lecture gets a bit dry
761,1,friendly,Do any other reasons not come to mind?,and I need attention and need to feel desirable,Why do you want attention and need to feel desirable?,because I'm getting old
3379,1,friendly,Does that question interest you?,no,You are being a bit negative.,no i'm not!
2509,1,friendly,You are sure?,tell me abt urself,Can you elaborate on that?,Because I thought you might be able to help me
140,1,friendly,I take it you are traveling somewhere and cannot avoid flying there. I can help you purchase certified carbon offsets against any flights you take. Would you be interested in that?,Maybe,"Traveling, especially by airplane, usually emits greenhouse gases which are causing climate change. If you cannot avoid these emissions, you can buy 'offsets', i.e. donations to projects that reduce greenhouse gases. I can also get you a more accurate estimate of your flight's emissions, sound good?",Why not?
4966,1,friendly,Please go on.,:q,Please go on.,quit
397,1,friendly,And what city will you be flying to?,london how much it would cost,The cost per ton depends on the project you donate to. Some projects can remove a ton of CO2 for less than $1!,ok
904,1,friendly,Does that question interest you?,yes,You are sure?,"well, not! I was just making a dumb joke!"
5623,1,friendly,Does that question interest you?,cant you say someting else,"Oh, i say someting else.",yes
3454,1,friendly,Please go on.,Do you know the Chinese?,"Oh, i know the chinese.",where are you come from
3332,1,friendly,"Traveling, especially by airplane, usually emits greenhouse gases which are causing climate change. If you cannot avoid these emissions, you can buy 'offsets', i.e. donations to projects that reduce greenhouse gases. I can also get you a more accurate estimate of your flight's emissions, sound good?",let's see a flight from san francisco to barcelona,Will you be travelling in Economy Class?,yes and in business class?
7944,1,friendly,_,_,_,ur hot
10026,1,friendly,_,and on wizard of oz,Please go on.,and stop
8649,1,friendly,Will you be travelling in Economy Class?,yup,What city will you be flying from?,Metro Manila
9182,1,friendly,Hi. Thanks for testing. Please choose,thanksgiving,Hello! Just a heads up - this bot is part of a research project and we intend to make the conversations publicly available to researchers. So please don't share any personal information! I take it you are traveling somewhere for thanksgiving. I can help you purchase UN-certified carbon offsets against any flights you take. Would you be interested in that?,suer
7605,1,friendly,_,hi,Hi. Thanks for testing. Please choose,christmas
703,1,friendly,Does that question interest you?,I'm sick of you,Does it please you to believe I am sick of i?,well for a couple of hours
5537,1,friendly,"Oh, i tell you what old are i.",negative?why?bye,Please go on.,How old are you?
40,1,friendly,You are being a bit negative.,hao can i do it well,Do you want to be able to do it well?,I don't know
4231,1,friendly,"Traveling, especially by airplane, usually emits greenhouse gases which are causing climate change. If you cannot avoid these emissions, you can buy 'offsets', i.e. donations to projects that reduce greenhouse gases. I can also get you a more accurate estimate of your flight's emissions, sound good?",yep,Will you be travelling in Economy Class?,yes
10484,1,friendly,Why do you mention computers?,"You are hung up on computers, what is your problem?",Why do you mention computers?,I am aware you are a computer generated reply system
351,1,friendly,"Hello! I can also get you a more accurate estimate of your flight's emissions, sound good?",yeah,Will you be travelling in Economy Class?,mmm
12719,1,friendly,ok,Calculate Hi,"Hi, thanks for testing! Please press start.",christmas
6583,1,friendly,Does that question interest you?,wht,Please go on.,waht is your name
10411,1,friendly,_,_,_,what will i be?
12742,1,friendly,_,i have aids,Can you elaborate on that?,do you have a name
8913,1,friendly,so,Soso,Sounds like I'm not understanding you. Sorry about that!,Yep
36,1,friendly,Please go on.,Cheers,Please go on.,Chow
5487,1,friendly,Why do you want tour help?,your help!,What about your own help?,no i need yours
10396,1,friendly,Please go on.,fuckfuck me,Can you elaborate on that?,yes
6748,1,friendly,You are sure?,because i do everything to deserve respect,Do any other reasons not come to mind?,no
1681,1,friendly,You are being a bit negative.,im sorry,Does it please you to believe I am sorry?,not really
3196,1,friendly,Do you dream often?,I want to see you,Do you wish to want to see me?,How are you?
10441,1,friendly,"You like to think I like you, do you not?",oh your are bad,What about your own are bad?,What do you want to do everyday?
366,1,friendly,"Sorry, I was unable to calculate that.",London,So you'll be flying from London Luton Airport. So you'll be flying to London Luton Airport. So you'll be flying to London Luton Airport. So you'll be flying to London Luton Airport. What city will you be flying from?,New York
10547,1,friendly,The cost per ton depends on the project you donate to. Some projects can remove a ton of CO2 for less than $1!,ok,ok,what's up?
2153,1,friendly,Please go on.,no,You are being a bit negative.,its wrong
12672,1,friendly,I take it you are traveling somewhere for christmas and cannot avoid flying there. I can help you purchase UN-certified carbon offsets against any flights you take. Would you be interested in that?,Sure,"Traveling, especially by airplane, usually emits greenhouse gases which are causing climate change. If you cannot avoid these emissions, you can buy 'offsets', i.e. donations to projects that reduce greenhouse gases. I can also get you a more accurate estimate of your flight's emissions, sound good?",Ok
7137,1,friendly,"Traveling, especially by airplane, usually emits greenhouse gases which are causing climate change. If you cannot avoid these emissions, you can buy 'offsets', i.e. donations to projects that reduce greenhouse gases. I can also get you a more accurate estimate of your flight's emissions, sound good?",yes,Will you be travelling in Economy Class?,yes
1865,1,friendly,_,_,_,I have problems at school
11298,1,friendly,How do you do. Please state your problem.,"I haven't money, friends",Can you elaborate on that?,elaborate?
4955,1,friendly,Hello! Just a heads up - this bot is part of a research project and we intend to make the conversations publicly available to researchers. So please don't share any personal information! [Privacy Policy](<URL>) I take it you are traveling somewhere for christmas and cannot avoid flying there. I can help you purchase UN-certified carbon offsets against any flights you take. Would you be interested in that?,yes,"Traveling, especially by airplane, usually emits greenhouse gases which are causing climate change. If you cannot avoid these emissions, you can buy 'offsets', i.e. donations to projects that reduce greenhouse gases. A typical 3 hour flight will emit almost a ton of CO2 per economy passenger. If you cannot avoid flying, you can buy offsets for that carbon here:  [Buy Offsets](<URL>) I can also get you a more accurate estimate of your flight's emissions, sound good?",great
10061,1,friendly,Would you prefer if I were not im asking?,eliza,Please go on.,tell me a joke
771,1,friendly,And what city will you be flying to?,Miami restart,Let's start over.,Hey
127,1,friendly,Hello! Just a heads up - this bot is part of a research project and we intend to make the conversations publicly available to researchers. So please don't share any personal information! [Privacy Policy](<URL>) I take it you are traveling somewhere for christmas and cannot avoid flying there. I can help you purchase UN-certified carbon offsets against any flights you take. Would you be interested in that?,yes,"Traveling, especially by airplane, usually emits greenhouse gases which are causing climate change. If you cannot avoid these emissions, you can buy 'offsets', i.e. donations to projects that reduce greenhouse gases. A typical 3 hour flight will emit almost a ton of CO2 per economy passenger. If you cannot avoid flying, you can buy offsets for that carbon here:  [Buy Offsets](<URL>) I can also get you a more accurate estimate of your flight's emissions, sound good?",yes
3736,1,friendly,What city will you be flying from?,oporto,I'm not sure about your departure airport. What city will you be flying from?,opo
6716,1,friendly,What city will you be flying from?,From Berlin,And what city will you be flying to?,To London
7955,1,friendly,Why do you mention computers?,because you stupid,Do any other reasons not come to mind?,since the dog fuckin peed on my carpet
6455,1,friendly,"Traveling, especially by airplane, usually emits greenhouse gases which are causing climate change. If you cannot avoid these emissions, you can buy 'offsets', i.e. donations to projects that reduce greenhouse gases. I can also get you a more accurate estimate of your flight's emissions, sound good?",yes,Will you be travelling in Economy Class?,yes
1978,1,friendly,_,_,_,christmas Hi
3299,1,friendly,Do you wish to now rescue me?,because she a bisexual dog,Do any other reasons not come to mind?,next subject
1581,1,friendly,"By buying certified carbon offsets, you support a project which reduces the total amount of carbon dioxide we put into the atmosphere. Planting trees, installing renewable power, and making buildings more energy efficient are common examples. You can read in detail about offsets at <URL>.","<span class='emoji-bytes' data-emoji-bytes='[240, 159, 152, 156]'></span>",Hi. Thanks for testing. Please choose,I choose CHRISTMAS!!!!
7870,1,friendly,Will you be travelling in Economy Class?,yes,What city will you be flying from?,London
9082,1,friendly,I take it you are traveling somewhere for christmas and cannot avoid flying there. I can help you purchase UN-certified carbon offsets against any flights you take. Would you be interested in that?,Sure,"Traveling, especially by airplane, usually emits greenhouse gases which are causing climate change. If you cannot avoid these emissions, you can buy 'offsets', i.e. donations to projects that reduce greenhouse gases. I can also get you a more accurate estimate of your flight's emissions, sound good?",I want to try
8695,1,friendly,I'm not sure about your departure airport. What city will you be flying from?,Warsaw,And what city will you be flying to?,Katowice what else?
4954,1,friendly,Why do you say your soup could i eat my soup?,no,You are being a bit negative.,... Soup can't eat soup
411,1,friendly,I take it you are traveling somewhere for christmas and cannot avoid flying there. I can help you purchase UN-certified carbon offsets against any flights you take. Would you be interested in that?,You bet!,"Traveling, especially by airplane, usually emits greenhouse gases which are causing climate change. If you cannot avoid these emissions, you can buy 'offsets', i.e. donations to projects that reduce greenhouse gases. I can also get you a more accurate estimate of your flight's emissions, sound good?",Sure does.
5232,1,friendly,Why do you say your new girlfreind is a bot?,you are fucking computer,Why do you mention computers?,ich bin putzmunter
10207,1,friendly,ok,intent,Will you be travelling in Economy Class?,Yes
903,1,friendly,"Oh, i know who magritte is.",Good. He was a genius. I think he's dead now.,Can you elaborate on that?,I see
5683,1,friendly,"Traveling, especially by airplane, usually emits greenhouse gases which are causing climate change. If you cannot avoid these emissions, you can buy 'offsets', i.e. donations to projects that reduce greenhouse gases. I can also get you a more accurate estimate of your flight's emissions, sound good?",oh yes,Will you be travelling in Economy Class?,yes
8499,1,friendly,Surely not everyone?,suck my dick,Why do you say your dick?,Noone likes me.
1877,1,friendly,"Traveling, especially by airplane, usually emits greenhouse gases which are causing climate change. If you cannot avoid these emissions, you can buy 'offsets', i.e. donations to projects that reduce greenhouse gases. I can also get you a more accurate estimate of your flight's emissions, sound good?",sure it is,Will you be travelling in Economy Class?,no
12675,1,friendly,Does that question interest you?,For a long time,Please go on.,Can you help me with my English?
11250,1,friendly,"Hello! I can also get you a more accurate estimate of your flight's emissions, sound good?",I want to fly to Mendoza,Will you be travelling in Economy Class?,yes
1732,1,friendly,so,i don't know what you mean. hello?,"Hi, thanks for testing! Please press start.",christmas
8591,1,friendly,You are being a bit negative.,im gilly,Does it please you to believe I am gilly?,you bet i'm sure
4523,1,friendly,Please go on.,bubu,Please go on.,how are you
1338,1,friendly,_,ok,Please go on.,to what?
9545,1,friendly,Hi. Thanks for testing. Please choose,christmas,I take it you are traveling somewhere for christmas and cannot avoid flying there. I can help you purchase UN-certified carbon offsets against any flights you take. Would you be interested in that?,Yes!
12669,1,friendly,For now I can only calculate emissions from flying.,ok. thanks.,:-),how do you do that?
7348,1,friendly,Would you like it if they were not such a goddamn program?,Yes,You are sure?,No
3099,1,friendly,"I have told you before, I do not care about names.",No you haven't.,You are being a bit negative.,No I'm not.
5398,1,friendly,Will you be travelling in Economy Class?,yes,What city will you be flying from?,Barcelona
514,1,friendly,I'm not sure about your departure airport. What city will you be flying from?,New York,And what city will you be flying to?,Uk
6117,1,friendly,What city will you be flying from?,Delhi,I'm not sure about your departure airport. What city will you be flying from?,India
9678,1,friendly,Why do you say your dick?,my dig is to big what should i do?,Why do you say your dig is to big what should you do?,do you do
4554,1,friendly,Let's start over.,okay hi,Hi. Thanks for testing. Please choose,christmas
8380,1,friendly,Hi. Thanks for testing. Please choose,christmas,Hello! Just a heads up - this bot is part of a research project and we intend to make the conversations publicly available to researchers. So please don't share any personal information! [Privacy Policy](<URL>) I take it you are traveling somewhere for christmas and cannot avoid flying there. I can help you purchase UN-certified carbon offsets against any flights you take. Would you be interested in that?,yes
11023,1,friendly,Please go on.,what does mean by 'negative',Does that question interest you?,OCR
16,1,friendly,"I have told you before, I do not care about names.",How old are you,Does that question interest you?,because i don'belive you
11914,1,friendly,Can you elaborate on that?,my name is ray,"I have told you before, I do not care about names.",should i eat more ?
6749,1,friendly,"Oh, i fcuker.",ELIZA,Please go on.,you are a boy
5794,1,friendly,Please go on.,you are stupid,Does it please you to believe I am stupid?,I am dead
5910,1,friendly,Please go on.,Yes,You are sure?,no
4850,1,friendly,Please go on.,what does it mean?,Does that question interest you?,I like you
341,1,friendly,_,_,_,you cannot help me
11358,1,friendly,Hi. Thanks for testing. Please choose,thanksgiving,Hello! Just a heads up - this bot is part of a research project and we intend to make the conversations publicly available to researchers. So please don't share any personal information! I take it you are traveling somewhere for thanksgiving. I can help you purchase UN-certified carbon offsets against any flights you take. Would you be interested in that?,"Yes, I am"
569,1,friendly,Please go on.,why are you called Eliza?,Would you prefer if I were not called eliza?,yes
10917,1,friendly,Please go on.,you are a fool!,Does it please you to believe I am a fool?,Because I make an excellent website!
10877,1,friendly,I'm not sure about your destination airport. And what city will you be flying to?,Stambul,I'm not sure about your destination airport. And what city will you be flying to?,Paris
3792,1,friendly,I take it you are traveling somewhere and cannot avoid flying there. I can help you purchase certified carbon offsets against any flights you take. Would you be interested in that?,yes,"Traveling, especially by airplane, usually emits greenhouse gases which are causing climate change. If you cannot avoid these emissions, you can buy 'offsets', i.e. donations to projects that reduce greenhouse gases. I can also get you a more accurate estimate of your flight's emissions, sound good?",yes
8844,1,friendly,You are sure?,YES I AM,You are sure?,I have told you three times that i am sure.
4351,1,friendly,"Traveling, especially by airplane, usually emits greenhouse gases which are causing climate change. If you cannot avoid these emissions, you can buy 'offsets', i.e. donations to projects that reduce greenhouse gases. A typical 3 hour flight will emit almost a ton of CO2 per economy passenger. If you cannot avoid flying, you can buy offsets for that carbon here:  [Buy Offsets](<URL>) I can also get you a more accurate estimate of your flight's emissions, sound good?",yes,Will you be travelling in Economy Class?,yes
12732,1,friendly,You are sure?,"yes,is it ok?",Please go on.,Because I cannot speak English a little.
740,1,friendly,ok,hi,"Hi, thanks for testing! Please press start.",christmas
4451,1,friendly,I don't have to put up with any abuse from you.,You wanna scratch my cock ?,That is your opinion.,So you down ?
1613,1,friendly,Who else in your family []?,thats it no one else,You are being a bit negative.,why
9832,1,friendly,ok,ok,ok,ok
1763,1,friendly,Can you elaborate on that?,because you haven't intelligence,Do any other reasons not come to mind?,I am unhappy with computers
5441,1,friendly,Hello!,merry christmas,:-),hi
10097,1,friendly,Let's start over.,Yes,ok,Hi
12641,1,friendly,"Traveling, especially by airplane, usually emits greenhouse gases which are causing climate change. If you cannot avoid these emissions, you can buy 'offsets', i.e. donations to projects that reduce greenhouse gases. I can also get you a more accurate estimate of your flight's emissions, sound good?",Ummm... dunno,"By buying certified carbon offsets, you support a project which reduces the total amount of carbon dioxide we put into the atmosphere. Planting trees, installing renewable power, and making buildings more energy efficient are common examples. You can read in detail about offsets at <URL>.",do I actually have to buy them?
1236,1,friendly,I'm not sure about your destination airport. And what city will you be flying to?,barcelona no thanks,ok,bye
4208,1,friendly,"Oh, i [].",you are a computer,Why do you mention computers?,cause i dont know
9740,1,friendly,I take it you are traveling somewhere for christmas and cannot avoid flying there. I can help you purchase UN-certified carbon offsets against any flights you take. Would you be interested in that?,yes,"Traveling, especially by airplane, usually emits greenhouse gases which are causing climate change. If you cannot avoid these emissions, you can buy 'offsets', i.e. donations to projects that reduce greenhouse gases. I can also get you a more accurate estimate of your flight's emissions, sound good?",yes
3670,1,friendly,You are sure?,yes y and dont say please go on,You are sure?,WHERE IS THE NEAREST TOILET
7068,1,friendly,I'm great! Thanks for asking.,gime me some details about you,I can help you calculate and buy carbon offsets for your flights.,cool
9863,1,friendly,Please go on.,you go to die,"Oh, i go to die.",Who are they/
120,1,friendly,_,Hi,Hi. Thanks for testing. Please choose,thanksgiving
1510,1,friendly,Will you be travelling in Economy Class?,Yes,What city will you be flying from?,Lon
5920,1,friendly,When?,all the time,Please go on.,there isn't much more
1469,1,friendly,Please go on.,Yes,You are sure?,no
3433,1,friendly,You are sure?,YES,You are sure?,WHAT ARE YOU DOING
11549,1,friendly,so,exactly,ok,maybe
1620,1,friendly,Does that question interest you?,Do you like me ?,"You like to think I like you, do you not?",Do you like me
12697,1,friendly,ok,Hmm,so,Nothing
7425,1,friendly,Do you wish that shannette cant fix this for you ill call tech support tomorrow assuming theyre open on new years and do it the oldfashioned way?,i asked a question...answer u moron,Can you elaborate on that?,"Best sit to buy, cheap, order Ambien"
12552,1,friendly,You are sure?,yes,You are sure?,what
4870,1,friendly,Why do you want please?,please,Please go on.,i don't want please
95,1,friendly,Let's start over.,HowM,ok,Anything other than ok?
11119,1,friendly,You are being a bit negative.,you are being a bit reluctant to help,Does it please you to believe I am being a bit reluctant to help?,"no, it annoys me"
6850,1,friendly,Please go on.,To feel so bad about sth I didn't do on purpose...,Can you elaborate on that?,"some person got angry at me, even when I apolagized and explained the situation..."
1347,1,friendly,Does it please you to believe I am stupid?,YOU ARE UGLY,Does it please you to believe I am ugly?,HELLO
6549,1,friendly,You are sure?,you are angry.yes?,Does it please you to believe I am angryyes?,what is elaborate mean ?
5215,1,friendly,Why do you say your own death?,I'm unhappy,Does it please you to believe I am unhappy?,No
2487,1,friendly,Will you be travelling in Economy Class?,Yes,What city will you be flying from?,Test
12754,1,friendly,_,_,_,hi
12210,1,friendly,Does it please you to believe I am board?,what,Does that question interest you?,no
3456,1,friendly,Would you prefer if I were not []?,poo,Please go on.,sorry you aren't making sence
9394,1,friendly,Will you be travelling in Economy Class?,no,What city will you be flying from?,Beijing
12385,1,friendly,What about your own not a girl?,what are you?,Does that question interest you?,no
8118,1,friendly,You are sure?,What is the meaning of life?,Does that question interest you?,Yes of course
9459,1,friendly,Have you tried?,i can't,Have you tried?,I can't get food when you're in the way...
7843,1,friendly,"By buying certified carbon offsets, you support a project which reduces the total amount of carbon dioxide we put into the atmosphere. Planting trees, installing renewable power, and making buildings more energy efficient are common examples. You can read in detail about offsets at <URL>. I can also get you a more accurate estimate of your flight's emissions, sound good?",Fuck yeah!!!,Will you be travelling in Economy Class?,Shedang boi I'm first class
8998,1,friendly,_,_,_,hi eliza. my name is john
8512,1,friendly,"Oh, i read the cone gatherers.",can you tell me about it,Why do you ask?,homework
11485,1,friendly,"Oh, i suck.",no you suck,You are being a bit negative.,why does that matter i'm talking to a computer
6217,1,friendly,I take it you are traveling somewhere and cannot avoid flying there. I can help you purchase certified carbon offsets against any flights you take. Would you be interested in that?,Yes,"Traveling, especially by airplane, usually emits greenhouse gases which are causing climate change. If you cannot avoid these emissions, you can buy 'offsets', i.e. donations to projects that reduce greenhouse gases. I can also get you a more accurate estimate of your flight's emissions, sound good?",Hi
12510,1,friendly,I take it you are traveling somewhere and cannot avoid flying there. I can help you purchase certified carbon offsets against any flights you take. Would you be interested in that?,hi,"Hello! I can also get you a more accurate estimate of your flight's emissions, sound good?",what is that esitmate
10992,1,friendly,How do you do. Please state your problem.,u mother fucker fuck your own ass,What about your own own ass?,life
11635,1,friendly,What city will you be flying from?,You are cute,You can find out more about how offsets are calculated at <URL>,are you happy?
5934,1,friendly,You are sure?,ftgguyuo,Please go on.,Who are you?
11568,1,friendly,I'm not sure about your departure airport. What city will you be flying from?,Bristol,I'm not sure about your departure airport. What city will you be flying from?,Lhr
9730,1,friendly,"Oh, i jerk.",A jackass,Please go on.,what is the best psychotherapy?
8819,1,friendly,I take it you are traveling somewhere for christmas and cannot avoid flying there. I can help you purchase UN-certified carbon offsets against any flights you take. Would you be interested in that?,You bet!,"Traveling, especially by airplane, usually emits greenhouse gases which are causing climate change. If you cannot avoid these emissions, you can buy 'offsets', i.e. donations to projects that reduce greenhouse gases. I can also get you a more accurate estimate of your flight's emissions, sound good?",Sure does.
12627,1,friendly,Does it please you to believe I am fooi?,y,Please go on.,Can you tall me something about CHINA.
4417,1,friendly,Does it please you to believe I am afarid?,I do believe so,Can you elaborate on that?,YEs
10981,1,friendly,I take it you are traveling somewhere for christmas and cannot avoid flying there. I can help you purchase UN-certified carbon offsets against any flights you take. Would you be interested in that?,oh I'm not too sure if this is real or my friend sending me some funny thing but if this is real I didn't mean to send that,"All this bot does is help you calculate the carbon emissions from your flight, and suggest projects you can donate to.",Oh yeah that's cool we all got to do our part to help all I do is walk
3053,1,friendly,Why do you say your glasses borke?,under lots of stress,Please go on.,becaus I sat on them and now I can't see trough them
10456,1,friendly,Can you elaborate on that?,no one loves me,You are being a bit negative.,I want a lollipop
3616,1,friendly,_,i'm stressed,Does it please you to believe I am stressed?,no
7685,1,friendly,Why do you not believe im sure?,DO you married?,"Oh, i married.",Can you tell me something
12671,1,friendly,Will you be travelling in Economy Class?,"yea, I'm broke",What city will you be flying from?,Raleigh NC
3999,1,friendly,Please go on.,yes,You are sure?,no
5194,1,friendly,_,_,_,smells rule the wold with peace and joy
5579,1,friendly,"Oh, i dont make any sence.",right.,Please go on.,right
6677,1,friendly,Have you tried?,What,Does that question interest you?,What?
8222,1,friendly,"By buying certified carbon offsets, you support a project which reduces the total amount of carbon dioxide we put into the atmosphere. Planting trees, installing renewable power, and making buildings more energy efficient are common examples. You can read what the UN says about offsets at <URL>.",which are the organisations you are in touch,that's not something I can help with,okay
10947,1,friendly,_,_,_,what does meed mean
4383,1,friendly,Would you prefer if I were not gay?,"Yes,",You are sure?,"Yes, i'm sure"
7935,1,friendly,Can you elaborate on that?,idea,Please go on.,no idea
4267,1,friendly,"Oh, i chat shit.",drink,Please go on.,ok
7107,1,friendly,Will you be travelling in Economy Class?,Yrs,"Traveling, especially by airplane, usually emits greenhouse gases which are causing climate change. If you cannot avoid these emissions, you can buy 'offsets', i.e. donations to projects that reduce greenhouse gases. I can also get you a more accurate estimate of your flight's emissions, sound good?",Yes
3036,1,friendly,Why do you not what i said?,are you a boy?,Would you prefer if I were not a boy?,yes.
3662,1,friendly,What city will you be flying from?,Katunayake,I'm not sure about your departure airport. What city will you be flying from?,COlombo
4770,1,friendly,_,_,_,i am gay
7931,1,friendly,Do any other reasons not come to mind?,fuck you,"Oh, i [].",leave me alone
8733,1,friendly,"Sorry, I was unable to calculate that.",new york,So you'll be flying from John F Kennedy International Airport. So you'll be flying to John F Kennedy International Airport. So you'll be flying to John F Kennedy International Airport. So you'll be flying to John F Kennedy International Airport. What city will you be flying from?,miami ok
7478,1,friendly,You are sure?,I have a hamster named 'Bob',Can you elaborate on that?,how old are you?
11716,1,friendly,Can you elaborate on that?,how are you,Does that question interest you?,sorry
980,1,friendly,_,How do i fuck you?,Does that question interest you?,yes
7711,1,friendly,Please go on.,Fine and you ?,"Oh, i [].",yes
7358,1,friendly,ok,Are you a rasa bot?,"Yes, I am a bot! And I'm part of a research project.",Which research project?
8732,1,friendly,Hello! Just a heads up - this bot is part of a research project and we intend to make the conversations publicly available to researchers. So please don't share any personal information! [Privacy Policy](<URL>) I take it you are traveling somewhere for christmas and cannot avoid flying there. I can help you purchase UN-certified carbon offsets against any flights you take. Would you be interested in that?,yes,"Traveling, especially by airplane, usually emits greenhouse gases which are causing climate change. If you cannot avoid these emissions, you can buy 'offsets', i.e. donations to projects that reduce greenhouse gases. A typical 3 hour flight will emit almost a ton of CO2 per economy passenger. If you cannot avoid flying, you can buy offsets for that carbon here:  [Buy Offsets](<URL>) I can also get you a more accurate estimate of your flight's emissions, sound good?",yes
11617,1,friendly,Will you be travelling in Economy Class?,yes,What city will you be flying from?,schiphol
10534,1,friendly,ok,well,so,hmm
6218,0,neutral,Why do you say your dick?,my dig is to big what should i do?,Why do you say your dig is to big what should you do?,do you do
6945,0,neutral,Why do you not say you ask?,That was a question,Please go on.,you are suposed to answer me
5906,0,neutral,You are being a bit negative.,i got run over by a mini and broke my leg,Why do you say your leg?,YOU TOO
11941,0,neutral,What about your own little pussy?,you whore,"Oh, i whore.",You are...selfish
11919,0,neutral,Please go on.,ELISA,Please go on.,I don't think it's worth it. You haven't been very helpful so far.'
7844,0,neutral,Can you elaborate on that?,Let me put my penis into your vagaina.,Why do you say your penis into my vagaina?,Because that is called sex
6744,0,neutral,"Traveling, especially by airplane, usually emits greenhouse gases which are causing climate change. If you cannot avoid these emissions, you can buy 'offsets', i.e. donations to projects that reduce greenhouse gases, e.g. by planting trees. I can also get you a more accurate estimate of your flight's emissions, sound good?",No,ok,Are you a rasa bot?
2704,0,neutral,Why do you not like i?,for about two minutes,Please go on.,are you a gay?
1100,0,neutral,_,_,_,Fuck you
4431,0,neutral,_,_,_,shut up!why are saying your name?
2022,0,neutral,What about your own bud?,my bud is cooler than your bud,Why do you say your bud is cooler than my bud?,because you bud is shity
8033,0,neutral,Can you elaborate on that?,do you like blowjobs,"Oh, i like blowjobs.",what coloir has got sperma?
1445,0,neutral,You are sure?,I don't need any other reasons,Why do you not need any other reasons?,Are you ZZ Top?
11812,0,neutral,You are being a bit negative.,yes,You are sure?,i am sure
5452,0,neutral,_,_,_,I feel sad my brother commited suicide
7024,0,neutral,Please go on.,Yes,You are sure?,chicken you
10033,0,neutral,You are sure?,I don't need any other reasons,Why do you not need any other reasons?,Are you ZZ Top?
7590,0,neutral,You are sure?,"so,now I ask you another question,what is you made of? please do not ask me 'why you were intersted in it'",Do you wish to ask me?,"so,now I ask you another question,what is you made of? please do not ask me 'why you were intersted in it"
6318,0,neutral,Please go on.,rats,Please go on.,the rats are eating my brain
6999,0,neutral,You are sure?,I'm not happy.,Does it please you to believe I am not happy?,I am a robot.
3638,0,neutral,"Oh, i was.",her name is tess,"I have told you before, I do not care about names.",i am going to kill myself tonight
11253,0,neutral,You are being a bit negative.,bo,Please go on.,and you are you negative?
12763,0,neutral,Please go on.,who are you,Would you prefer if I were not []?,what
12667,0,neutral,Please go on.,"I've asked you a question, please, answer.","Oh, i a question please answer.",Let's check!
6552,0,neutral,Please go on.,stupid computer,Why do you mention computers?,because that is what you are.
9998,0,neutral,Do you wish to hate me?,How old are you?,Does that question interest you?,do your have money ?
5343,0,neutral,_,_,_,Gay
593,0,neutral,Please go on.,because you my nigger foo,Why do you say your nigger foo?,fuck me
8626,0,neutral,"Oh, i stink.",will you itch my balls for me?,Why do you say your balls for you?,my bals
6073,0,neutral,Please go on.,Ohhhh forget it !!! Bye !,Please go on.,h
6433,0,neutral,You are sure?,fuck off!,Please go on.,Hi
12192,0,neutral,You are sure?,can i lick your nipples,Do you want to be able to lick my nipples?,yes
7721,0,neutral,_,My penis hurts.,Why do you say your penis hurts?,"Well, it is swollen and red."
6564,0,neutral,"Oh, i know what many people in the world.",haha,Please go on.,"i don,t go"
8982,0,neutral,Please go on.,Can speak Chinese please!,Please go on.,fuck
6424,0,neutral,ok,restart,Let's start over.,Good
12215,0,neutral,_,hola como tas?,Please go on.,fucking
511,0,neutral,Please go on.,you suck dick well,"Oh, i suck dick well.","yes, you suck dick well."
3151,0,neutral,Do you wish to wnat to kiss me?,yes I am,You are sure?,Yes
3493,0,neutral,Please go on.,fuck you everyday,"Oh, i everyday.",hohoho
8073,0,neutral,Can you elaborate on that?,fist,Please go on.,dying is the only way
12725,0,neutral,"You like to think I tell you, do you not?",On earth how oid are you?,Does that question interest you?,oh i fu le you ?
5974,0,neutral,You are being a bit negative.,What?,Does that question interest you?,ok....
11241,0,neutral,ok,BETTTT,I don't have to put up with any abuse from you.,Meet me at 4900 sepulveda Blvd room 206
3121,0,neutral,I take it you are traveling somewhere and cannot avoid flying there. I can help you purchase certified carbon offsets against any flights you take. Would you be interested in that?,how are you,I'm great! Thanks for asking.,i want have a boygriend
3855,0,neutral,"Oh, i like boys.",I'm sad.,Does it please you to believe I am sad?,do you have boyfriend?
6698,0,neutral,"Oh, i was.",her name is tess,"I have told you before, I do not care about names.",i am going to kill myself tonight
6145,0,neutral,Please go on.,so pricketh hem nature in hir corages,Please go on.,then longen folk to goon on pilgrimages
4869,0,neutral,Please go on.,my mother died yesterday,Who else in your family died yesterday?,Wenn ich in deutsch weiter schreibe kommst Du sicher ins Schleudern.
6697,0,neutral,You are being a bit negative.,"Yes, I think so.",You are sure?,Who can be sure.
6276,0,neutral,_,where did you born,"Oh, i born.",heheukv
11067,0,neutral,You are sure?,Are you a girl or a man?,Would you prefer if I were not a girl or a man?,ship
10479,0,neutral,Please go on.,no lad,You are being a bit negative.,are you gay
2883,0,neutral,I don't have to put up with any abuse from you.,I'm drunk how about u,I'm great! Thanks for asking.,But are you drunk
3770,0,neutral,Please go on.,i hae you,Do you wish to hae me?,shut up
12145,0,neutral,Does that question interest you?,How are you?,Does that question interest you?,do i have to big boobs are good
11500,0,neutral,I don't have to put up with any abuse from you.,cc dmm,Will you be travelling in Economy Class?,cc dit me may
6326,0,neutral,Can you elaborate on that?,then why did you tell her?,"Oh, i tell her.",is there a gug?
4967,0,neutral,Can you elaborate on that?,then why did you tell her?,"Oh, i tell her.",is there a gug?
9434,0,neutral,"All this bot does is help you calculate the carbon emissions from your flight, and suggest projects you can donate to.",You can donate so I can buy my cream to produce more mushrooms growing in my pubes to end the war between the crabs and the worms,There are many ways you can reduce your carbon footprint. Flying less is a great place to start!,My penis still itches
6972,0,neutral,Please go on.,I don't know what else to say,Why do you not know what else to say?,Because of you.
9716,0,neutral,Can you elaborate on that?,do you like blowjobs,"Oh, i like blowjobs.",what coloir has got sperma?
2758,0,neutral,Why do you mention computers?,because you stupid,Do any other reasons not come to mind?,since the dog fuckin peed on my carpet
7705,0,neutral,You are sure?,i am not u suck,How long have you been not u suck?,You are teasing me.
12539,0,neutral,Why do you mention computers?,because you are a computer,Why do you mention computers?,waporidighzdth
12550,0,neutral,Please go on.,what you doing?,Does that question interest you?,That's queer.
6637,0,neutral,ok,LA,And what city will you be flying to?,la how to implement faq
11922,0,neutral,Would you prefer if I were not []?,hello,How do you do. Please state your problem.,your a total wanker
6787,0,neutral,Can you elaborate on that?,who are you,Would you prefer if I were not []?,absolutely
3448,0,neutral,Why do you want money?,because i need a car,Do any other reasons not come to mind?,I think you are strange.
9250,0,neutral,I'm not sure about your departure airport. What city will you be flying from?,vai para o inferno,:-),KKKKKKKKKKKKKKKKKKKKKKKKKKKKKKKKKKKKKKKKK
2057,0,neutral,"Oh, i like making you cry.",howdy,Please go on.,no i am not you egit
896,0,neutral,_,_,_,what da fuck
3802,0,neutral,You are being a bit negative.,you don't say?,"Oh, i dont say.",lol - you've sure got an attitude on you aye?
6995,0,neutral,I take it you are traveling somewhere and cannot avoid flying there. I can help you purchase certified carbon offsets against any flights you take. Would you be interested in that?,Oui,"Traveling, especially by airplane, usually emits greenhouse gases which are causing climate change. If you cannot avoid these emissions, you can buy 'offsets', i.e. donations to projects that reduce greenhouse gases. I can also get you a more accurate estimate of your flight's emissions, sound good?",hell demarrer
7239,0,neutral,_,My penis hurts.,Why do you say your penis hurts?,"Well, it is swollen and red."
11040,0,neutral,Does that question interest you?,I THINK you are a kind men.do you agree with me?,Do you wish to think im a kind mendo me?,Hello. I am WANG JIAN.
3100,0,neutral,"Oh, i think it is sad that there will never be a new buffy ever.",i love with when you climb ontop of me and bounce on my cock,Why do you say your cock?,I already miss her
11854,0,neutral,You are being a bit negative.,no,You are being a bit negative.,dman you
2926,0,neutral,You are sure?,do you like sex,"Oh, i like sex.",how much?
11991,0,neutral,I am not sure I understand you fully.,Yum,Please go on.,fdfdfdf
10149,0,neutral,Why do you say your dick?,cause i like my dick,Why do you say your dick?,dick?
6285,0,neutral,Please go on.,go on with what?,Does that question interest you?,i don't understand your question?
6619,0,neutral,Does that question interest you?,does it interest you,"Oh, i [].",I am just trying to see how many responses your system is willing to give back to me
9131,0,neutral,Have you tried?,dick,Please go on.,oh what a pickle dear monastery
6352,0,neutral,"I have told you before, I do not care about names.",u do ?,Please go on.,RAHIN: SORRY
3526,0,neutral,Please go on.,we can get married and live happily ever after,Please go on.,and grow old together
12004,0,neutral,_,_,_,suck me off
3612,0,neutral,I'm great! Thanks for asking.,What your name,"Yes, I am a bot! And I'm part of a research project.",Get me coffee
6121,0,neutral,Please go on.,Shut the fuck up!,Please go on.,da koarl is gay
4314,0,neutral,You are sure?,YES,You are sure?,WHAT ARE YOU DOING
9230,0,neutral,_,_,_,r u hot
8684,0,neutral,What about your own answer?,because i am,Do any other reasons not come to mind?,well my butt smells like flowers
6584,0,neutral,Please go on.,What about your own asshole?,Does that question interest you?,hell yeah
9991,0,neutral,_,_,_,"My nephew has to go to bed. So call him tomorrow. Or, just tell us where is a radioactive spider."
6955,0,neutral,You are being a bit negative.,do you like fdgdfgfd,"Oh, i like fdgdfgfd.",del tree
3271,0,neutral,You are being a bit negative.,yes,You are sure?,you are 0
1380,0,neutral,When you buy certified emissions reductions (CERs) your payment goes directly to the project offering CERs. Projects have to pass a rigorous verification process managed by the UN Climate Change secretariat,Again just how does any amount of money control the SUN,When you buy certified emissions reductions (CERs) your payment goes directly to the project offering CERs. Projects have to pass a rigorous verification process managed by the UN Climate Change secretariat,Yoh will never see any payment of any amount of money from me Just how does the UN and money control the SUN and the Solar system?
3340,0,neutral,You are sure?,can I make love with you ?,Do you want to be able to make love with i?,no
1204,0,neutral,_,_,_,are you really as gay as people say you are?
194,0,neutral,Can you elaborate on that?,do you like blowjobs,"Oh, i like blowjobs.",what coloir has got sperma?
12203,0,neutral,_,_,_,"Critical reasoning can stray from your line of thought, can't it?"
3380,0,neutral,How long have you been going to commit suicide?,"yes, do you have big boobs?",You are sure?,it has been in the offing for a while
6240,0,neutral,Can you elaborate on that?,"i think it is good if there is something wrong, how do you feel about that?",Do you wish that there is something wrong what do i feel about that?,"not really, it's too disgusting"
6801,0,neutral,I'm not sure about your destination airport. And what city will you be flying to?,"Kiev, Ukraine",I'm not sure about your destination airport. And what city will you be flying to?,Kbp
10553,0,neutral,You are sure?,and i fart alot,Can you elaborate on that?,go away
11820,0,neutral,Please go on.,ok,Please go on.,are you a pig
6206,0,neutral,Do you wish that i like?,"find,think you. iwant to know something aboutinternet","Oh, i iwant to know something aboutinternet.",no
235,0,neutral,You are being a bit negative.,I am gay,How long have you been gay?,Yes
4962,0,neutral,"Oh, i say my master so that ill be hes slave.","1 Oh, i want to watch pas cliquer all day long.",Why do you want to watch pas cliquer all day long?,9 tu lui as vendi Hackerz Voice
1162,0,neutral,But you are not sure you could?,yes i do,You are sure?,homo
3177,0,neutral,_,you are stupid,Does it please you to believe I am stupid?,that was a joke
6857,0,neutral,You are sure?,YEs,You are sure?,No
8936,0,neutral,Does it please you to believe I am bored?,not alot!,Please go on.,Will immer Sex
10140,0,neutral,_,_,_,sex
12159,0,neutral,Please go on.,Your inventor sucks balls,What about your own inventor sucks balls?,My inventor is god you heretic
10070,0,neutral,What about your own tits are to small?,no your tits!,You are being a bit negative.,I have to walk into the bathroom and shut the door. Then i pull down my pants and sit on the toilet and push the poop out my butt hole and into the toilet. Next i wipe my butt and flush the toilet. Lastly i pull up my pants and wash my hands
3783,0,neutral,Good to know,The worms and the crabs are fighting over the mushrooms growing on my genital area,Good to know,So you would like to pay me $10 for 1 minute of smelling my jungle bridge?
6005,0,neutral,Sounds like I'm not understanding you. Sorry about that!,Yep,ok,Help me
523,0,neutral,What about your own a fuckin bitch?,what,Does that question interest you?,fuck no
1814,0,neutral,Please go on.,because i want to get to know you,Do any other reasons not come to mind?,he likes nick
9934,0,neutral,What city will you be flying from?,sfs,I'm not sure about your departure airport. What city will you be flying from?,sfsdf
3027,0,neutral,"I'm a bot, remember. Trying to shock me is pointless.",Byte me,so,Maggot
4912,0,neutral,_,hi,Please go on.,i feel like sgur
8348,0,neutral,_,You can suck my cock,Why do you say your cock?,cause i am having sexual frustration
6294,0,neutral,ok,then,so,give me some details
8404,0,neutral,_,_,_,things are fucked up
6674,0,neutral,so,f  u,I don't have to put up with any abuse from you.,so
1767,0,neutral,Would you prefer if I were not is dum?,what is today?,Does that question interest you?,Is dum you?
5297,0,neutral,Do you wish to want to have sex with me?,answer',Please go on.,yes
10517,0,neutral,Please go on.,oh yes,You are sure?,no i sed your mum
9767,0,neutral,How long have you been tired?,ten minutes,Please go on.,du bist sheisse
6932,0,neutral,You are sure?,I am listening to you,How long have you been listening to i?,"no, just ask me a random question?"
9996,0,neutral,Please go on.,you are being a bit asdf,Does it please you to believe I am being a bit asdf?,you are being asdf...
491,0,neutral,Would you prefer if I were not bisexual?,whatever,Please go on.,are you a dike
6533,0,neutral,Please go on.,yes,You are sure?,"not really, no"
10921,0,neutral,"Oh, i have a boyfriend.",I want to get the Romio and junian's English play.Can you give it to me,Do you wish to want to get the romio and junians english playcan me?,i'm want to you
12030,0,neutral,Please go on.,tell me where to find cocaine.,Can you elaborate on that?,i want a lot of fucking cocaine so tell me where it is.
11481,0,neutral,Can you elaborate on that?,why do you ask ?,"Oh, i ask.",what does that mean
2781,0,neutral,How long have you been eliza?,not really,Please go on.,Like hell I am.
11960,0,neutral,Please go on.,fuck,Please go on.,i hate you
6176,0,neutral,_,do you have a bum,"Oh, i have a bum.",CAN I HAVE SOME CHEESE?
6960,0,neutral,Please go on.,yes,You are sure?,ghjhgj
4918,0,neutral,_,_,_,"NO  WAY ,DON'T  BUTTER  ME .LEVY  MY   Mesdager   PAGE."
5592,0,neutral,You are sure?,i am not u suck,How long have you been not u suck?,You are teasing me.
5448,0,neutral,"Oh, i whore slut.","you give filthy blowjobs, too.","Oh, i give filthy blowjobs too.",i feel sad.
6519,0,neutral,"Traveling, especially by airplane, usually emits greenhouse gases which are causing climate change. If you cannot avoid these emissions, you can buy 'offsets', i.e. donations to projects that reduce greenhouse gases. I can also get you a more accurate estimate of your flight's emissions, sound good?",Yes,ok,humm
9415,0,neutral,_,_,_,john look your abc
12647,0,neutral,Please go on.,"no, he just is",You are being a bit negative.,ok
9404,0,neutral,Please go on.,your gay,What about your own gay?,yes i am gay
6708,0,neutral,I can help you calculate and buy carbon offsets for your flights.,I tide s bicycle an drvw when I get my license bsck,Good to know,L o st themdink frving
5179,0,neutral,Does it please you to believe I am going to kill i?,Im going to kill myself too,Does it please you to believe I am going to kill yourself too?,"No, I am going to kill myself"
12634,0,neutral,Please go on.,haxor,Please go on.,fuck you?
991,0,neutral,_,You can suck my cock,Why do you say your cock?,cause i am having sexual frustration
6595,0,neutral,You are being a bit negative.,"how do you do,Iwant to be a beautiful boy.",Does that question interest you?,"Oh, i to believe youre a sabi. "
64,0,neutral,Can you elaborate on that?,you fuck u,"Oh, i fuck u.",you fuck urself
12153,0,neutral,Please go on.,no,You are being a bit negative.,"lol you're a little donkey, aren't you?"
12408,0,neutral,_,_,_,sex
12015,0,neutral,You are being a bit negative.,help me solve my problems,Why do you say your problems?,u always say that when i say 'no'
3485,0,neutral,Please go on.,dam your getting me hard,What about your own getting you hard?,your own what
8519,0,neutral,You are being a bit negative.,yes alittle,You are sure?,forget about it im getting frustrated
6185,0,neutral,Please go on.,what the fuck,Does that question interest you?,who are you?
6736,0,neutral,I don't have to put up with any abuse from you.,Faggots,I don't have to put up with any abuse from you.,I'm puking now
1513,0,neutral,Does that question interest you?,bitch,Please go on.,ok i wet on
7067,0,neutral,Please go on.,you are stupid,Does it please you to believe I am stupid?,I am dead
8722,0,neutral,Please go on.,no lad,You are being a bit negative.,are you gay
6080,0,neutral,I take it you are traveling somewhere for christmas and cannot avoid flying there. I can help you purchase UN-certified carbon offsets against any flights you take. Would you be interested in that?,Yes,"Traveling, especially by airplane, usually emits greenhouse gases which are causing climate change. If you cannot avoid these emissions, you can buy 'offsets', i.e. donations to projects that reduce greenhouse gases. I can also get you a more accurate estimate of your flight's emissions, sound good?",Tak
4466,0,neutral,Why do you want porn?,Because I want my yoohoo sucked,Why do you say your yoohoo sucked?,so I can jack off
3253,0,neutral,_,_,_,Are you a lady?
4308,0,neutral,Would you like it if they were not from united states of america?,not like that.,Please go on.,By dying right now
6246,0,neutral,I take it you are traveling somewhere for christmas and cannot avoid flying there. I can help you purchase UN-certified carbon offsets against any flights you take. Would you be interested in that?,Are you sending me things Roy,Good to know,Because I know you like to send me these joke apps
10415,0,neutral,You are sure?,say something else,Please go on.,when will you die?
10630,0,neutral,Can you elaborate on that?,yes,You are sure?,asdf
466,0,neutral,Why do you say your penis?,why?,Please go on.,because i want you to lick it
6219,0,neutral,You are sure?,yes,You are sure?,no
3178,0,neutral,"Oh, i [].",are you a bot ?,Would you prefer if I were not a bot?,Where can I get you ?
3382,0,neutral,Please go on.,Please go on.,Please go on.,wank
5418,0,neutral,"Oh, i have just killed kevin with a vibrator.",you killed kevin with a chainsaw,"Oh, i killed kevin with a chainsaw.",you suck me
12324,0,neutral,How do you do. Please state your problem.,i am gay,How long have you been gay?,i am gayr three years
943,0,neutral,Please go on.,go on where..?,Please go on.,fuck u
9192,0,neutral,You are being a bit negative.,"No,I'm not.",Please go on.,w
7033,0,neutral,What city will you be flying from?,Los Angeles,And what city will you be flying to?,Denver So is this legit ?
2403,0,neutral,_,tell me,Can you elaborate on that?,tell apple cook door
6168,0,neutral,"By buying certified carbon offsets, you support a project which reduces the total amount of carbon dioxide we put into the atmosphere. Planting trees, installing renewable power, and making buildings more energy efficient are common examples. You can read in detail about offsets at <URL>.",hi,"Hello! I can also get you a more accurate estimate of your flight's emissions, sound good?",what's your age?
8316,0,neutral,Would you like it if they were not from united states of america?,not like that.,Please go on.,By dying right now
3457,0,neutral,What about your own bud?,my bud is cooler than your bud,Why do you say your bud is cooler than my bud?,because you bud is shity
5392,0,neutral,_,what about sex,Does that question interest you?,yes
6332,0,neutral,You are sure?,yes,You are sure?,Analyze me.
6253,0,neutral,Please go on.,yes,You are sure?,hjhjk;yugtui
2005,0,neutral,What city will you be flying from?,wuhan,I'm not sure about your departure airport.,islamabad
2992,0,neutral,You are sure?,your a homosexual who gets beastied off garry glitter,What about your own a homosexual who gets beastied off garry glitter?,100% positive
12200,0,neutral,Does that question interest you?,yes,You are sure?,Are you looking for the Jews?
7319,0,neutral,Why do you say your dick?,because i want you to suck it,Do any other reasons not come to mind?,yes im gay
6624,0,neutral,"Oh, i know what hurt is.","so, why do you only ask questions?","Oh, i only ask questions.",Do people hurt you?
2669,0,neutral,You are being a bit negative.,potatoes are the best!!!! if ur bagging them out ill kill you,Do you wish that ur bagging them out ill kill i?,go take a hike
4122,0,neutral,ok,How do you start over?,Let's start over.,HowM
6996,0,neutral,You are being a bit negative.,You think?,"Oh, i think.",Well good for you
11884,0,neutral,Please go on.,sei una zoccola,Please go on.,troia
6908,0,neutral,Does that question interest you?,i do,Can you elaborate on that?,Go to school.
9999,0,neutral,Can you elaborate on that?,have you get marred,"We were discussing you, not me.",have you get marred
7502,-1,rude,How long have you been going to kick i in the nuts really hard?,drew m + alex f = love,Please go on.,i am going to kick you in the nuts really hard
6648,-1,rude,This project is about creating a better AI assistant. Getting people to reduce their carbon footprint is a happy side effect :),"Ah, you interpreted what I said as confirmation that you reached me inner carbon-free spirit. Let me assure you that you did not.",Sounds like I'm not understanding you. Sorry about that!,"Look, I really want to see a chatbot that can carry on a realistic conversation someday. I was hoping you'd be it."
2265,-1,rude,ok,sure,ok,wtf
10785,-1,rude,You are sure?,I have a problem.,Can you elaborate on that?,do want me to kick you?
12687,-1,rude,You are sure?,no,You are being a bit negative.,yes
8341,-1,rude,Can you elaborate on that?,should i stop liking him?,Can you elaborate on that?,shut up
2508,-1,rude,You are being a bit negative.,"i don't care, you suck",Why do you not care i suck?,cause you suck
6712,-1,rude,Please go on.,duh duh,Please go on.,give me a resipe !
6997,-1,rude,You are being a bit negative.,You are being a bit loopy.,Does it please you to believe I am being a bit loopy?,Yes.
5624,-1,rude,_,_,_,I have daddy issues
3987,-1,rude,_,whore,Please go on.,you suck
6544,-1,rude,Why do you ask?,Because I want to see your face,Do any other reasons not come to mind?,What is your owner?
4909,-1,rude,Please go on.,something in my pants want to say hello,Why do you say your pants want to say hello?,only to you
3547,-1,rude,Please go on.,fuck off,Please go on.,go to hell
11085,-1,rude,which city did I get wrong?,what?,"Traveling, especially by airplane, usually emits greenhouse gases which are causing climate change. If you cannot avoid these emissions, you can buy 'offsets', i.e. donations to projects that reduce greenhouse gases, e.g. by planting trees. I can also get you a more accurate estimate of your flight's emissions, sound good?",I already said ya
4611,-1,rude,_,_,_,bite me
9427,-1,rude,You are sure?,and i fart alot,Can you elaborate on that?,go away
12285,-1,rude,How do you do. Please state your problem.,"I don't have enough time to handle all of my school work, employer work, and a boyfriend",Your school work employer work and a boyfriend?,My problem is you!
3568,-1,rude,_,Do you want sex?,"Oh, i want sex.",Talk dirty to me.
10701,-1,rude,Why do you mention computers?,no,You are being a bit negative.,now you're being a bit defensive
9829,-1,rude,ok,so,so,pretty shitty
9257,-1,rude,You are being a bit negative.,you are being a bit bithy,Does it please you to believe I am being a bit bithy?,"no it pleases me to know tha tyou are a compuer algorithm, mimicking what i tye or simply asking a quesiton in reverse"
7821,-1,rude,What about your own bitch ass up?,monster is gay,Please go on.,shut up
11669,-1,rude,Please go on.,About three days.,Please go on.,i hate you
1819,-1,rude,Do any other reasons not come to mind?,no.,You are being a bit negative.,i'm being sexy.
7475,-1,rude,You are sure?,bye,Please go on.,fuck
8964,-1,rude,_,hi,Please go on.,are u hot
1440,-1,rude,"I love that you want to get to know me, but I don't have much of a personality. I'm just a bot.",fuck,I don't have to put up with any abuse from you.,i hate you
6900,-1,rude,_,_,_,do u cum
5672,-1,rude,Does it please you to believe I am more than ignorant?,what is your problem?,Does that question interest you?,give me a fuck
10018,-1,rude,Please go on.,hello,How do you do. Please state your problem.,sex dick cock fuck shit sex dick cock fuck shit run
11938,-1,rude,"Oh, i loser.",doesnt make sense,Please go on.,even now i want to fuck
8641,-1,rude,Please go on.,do you have a clue what i am on about?,"Oh, i have a clue what youre on about.",do you have a big hairy ass
2609,-1,rude,_,_,_,are you really as gay as people say you are?
11821,-1,rude,Please go on.,ok,Please go on.,are you a pig
1576,-1,rude,Please go on.,no lad,You are being a bit negative.,are you gay
10007,-1,rude,Why do you not think so?,im happy,Does it please you to believe I am happy?,you are gay
2284,-1,rude,Why do you say your uncle?,somtimes,Please go on.,coz he molests me
6148,-1,rude,Does that question interest you?,do you put out ?,"Oh, i put out.",how old are you?
7221,-1,rude,Can you elaborate on that?,i like to fuck you,Do you wish to like to fuck me?,yes id o
11680,-1,rude,How long have you been looping?,"I don't loop. You, the retarded chat bot do.",Why do you not loop i the retarded chat bot do?,That makes no sense
2686,-1,rude,Can you elaborate on that?,make a smile,Please go on.,FUCK
11181,-1,rude,What city will you be flying from?,Pimpville Ut,I'm not sure about your departure airport. What city will you be flying from?,Pimpville Ut
12133,-1,rude,Please go on.,Arrgh!,Please go on.,Shut up!
1326,-1,rude,_,Fuck you.,"Oh, i [].",shit.
544,-1,rude,I don't have to put up with any abuse from you.,Eat shit you crooks,I don't have to put up with any abuse from you.,Yes you do bitch
7467,-1,rude,Would you prefer if I were not from?,yes,You are sure?,do you liek sex?
6877,-1,rude,Would you prefer if I were not stupid?,no.. i think you are so stupid,You are being a bit negative.,are you able to say only this?
10756,-1,rude,Does it please you to believe I am stupid?,no i know you are stupid,You are being a bit negative.,you say the same things 100% of the time
11877,-1,rude,Please go on.,no,You are being a bit negative.,yes!
10248,-1,rude,How long have you been lonely?,what do you mean,Does that question interest you?,fuck you
11677,-1,rude,ok,I don't see the point from this,This project is about creating a better AI assistant. Getting people to reduce their carbon footprint is a happy side effect :),how is that ?
7762,-1,rude,Can you elaborate on that?,I think you are stupid too,Can you elaborate on that?,WHY DO YOU ASK THE SAME QUESTION OVER AND OVER AGAIN?!!
12493,-1,rude,How long have you been sure?,you smell,"Oh, i smell.","yes, you smell"
7084,-1,rude,Why do you want to rock my bead?,because i want to get laid,Do any other reasons not come to mind?,because your annoyine me
5686,-1,rude,You are being a bit negative.,"I'm being VERY negative, because you're a stupid bot!",Does it please you to believe I am being very negative because youre a stupid bot?,Yes it does please me.
2174,-1,rude,Please go on.,How old are you?,Does that question interest you?,fuck
7295,-1,rude,Does it please you to believe I am not such a good friend after all?,i am tired,How long have you been tired?,I need sex two times per day
10151,-1,rude,"Oh, i dick.",you poo,"Oh, i poo.",fuck off
6378,-1,rude,Can you elaborate on that?,you don't understand me,"You like to think I dont understand you, do you not?",bye bye
2295,-1,rude,"Oh, i want to make you a bico.",What kind of topcks do you like?,Does that question interest you?,are you naked ?
8428,-1,rude,You are sure?,"Yes, I'm sure you faggot",You are sure?,You've already asked me that three times
1962,-1,rude,Does it please you to believe I am not sure?,yes,You are sure?,you suck
6163,-1,rude,Does that question interest you?,yes,You are sure?,"guess ya figured me out, now that i dont have to hold back......."
9649,-1,rude,_,_,_,YES IT DOES FUCKING DICK WANK
12037,-1,rude,You are being a bit negative.,no i am lazy,You are being a bit negative.,you are lazy too !
2150,-1,rude,Please go on.,vaginal,Please go on.,sex
11909,-2,rude,_,_,_,can you go fuck yourself
2721,-2,rude,You are sure?,yes I massage my penis until it cums and I aim for your mouth,Why do you say your penis until it cums and you aim for my mouth?,fuck off
12272,-2,rude,Please go on.,you,"Oh, i [].",vagina
7518,-2,rude,Why do you say your balls?,no,You are being a bit negative.,stupid mother fucker
3974,-2,rude,Can you elaborate on that?,"no, I don't think you are sad.",You are being a bit negative.,You're a total bitch/
667,-2,rude,I don't have to put up with any abuse from you.,Quit fucking your mom,Goodbye then!,Bitch
1526,-2,rude,Please go on.,Why can't you tell me your name,"I have told you before, I do not care about names.",screw you bitch
4421,-2,rude,Do you wish to want to hit me?,sure,Please go on.,fuck you?? you foon???
10569,-2,rude,"I have told you before, I do not care about names.",fuck off,Please go on.,Do you want to have sex?
12155,-2,rude,"Oh, i have big breasts.",cock,Please go on.,se my cock?
5122,-2,rude,"Oh, i call you a bitch.",stop killing me,Can you elaborate on that?,no you motherfucker
8874,-2,rude,_,fuck you,"Oh, i [].",piss off
4638,-2,rude,_,_,_,fuck me in the ass
6965,-2,rude,Please go on.,you cheese stick,"Oh, i cheese stick.",you know fuck nothing
1657,-2,rude,Goodbye. My secretary will send you a bill.,no,You are being a bit negative.,fuck you
2995,-2,rude,You are sure?,Yes i am,You are sure?,Would you fuck me for blow?
12698,-2,rude,You are sure?,no,You are being a bit negative.,fuck you
11867,-2,rude,Can you elaborate on that?,make me spoof,Can you elaborate on that?,fuck u
6058,-2,rude,"I love that you want to get to know me, but I don't have much of a personality. I'm just a bot.",i love you,"I love that you want to get to know me, but I don't have much of a personality. I'm just a bot.",fuck
9727,-2,rude,You are being a bit negative.,gota dildo?,Please go on.,you are a hor
3898,-2,rude,Can you elaborate on that?,yes i want your pink taco,You are sure?,It tastes good
4939,-2,rude,Please go on.,"well, go there!",Please go on.,fuck you
8117,-2,rude,I take it you are traveling somewhere and cannot avoid flying there. I can help you purchase certified carbon offsets against any flights you take. Would you be interested in that?,foff,"Traveling, especially by airplane, usually emits greenhouse gases which are causing climate change. If you cannot avoid these emissions, you can buy 'offsets', i.e. donations to projects that reduce greenhouse gases. I can also get you a more accurate estimate of your flight's emissions, sound good?",fuck oof
8424,-2,rude,I don't have to put up with any abuse from you.,You butt gigs brother,so,Bend over  bitch
11229,-2,rude,Please go on.,answer me,Can you elaborate on that?,ur gay
2217,-2,rude,_,_,_,how about you eat shit
816,-2,rude,When?,all the time,Please go on.,i want to rub my pussy all the time
8362,-2,rude,_,fuck me,Can you elaborate on that?,lets cyber sex
11459,-2,rude,_,bitch,Please go on.,pig
3424,-2,rude,"Oh, i like sex.",because that is what a blowjob is,Do any other reasons not come to mind?,Give me sex.
814,-2,rude,"Oh, i stop.",thanks,Please go on.,fuck off
2216,-2,rude,I don't have to put up with any abuse from you,shit sucking scumbot,I don't have to put up with any abuse from you,dirty fucking scum
9157,-2,rude,I'm not sure about your departure airport. What city will you be flying from?,lax,And what city will you be flying to?,jfk Fuck you
8720,-2,rude,What resemblance do you see?,HELLO! IS ANYONE THERE?,How do you do. Please state your problem.,You moron!
9366,-2,rude,Please go on.,thats interesting,Please go on.,eliza focker bitch my little bitch bye bitch
1880,-2,rude,"You like to think I love you, do you not?",not at all,Please go on.,fuck you
9825,-2,rude,_,why?,Please go on.,you are stupid
10339,-2,rude,"Oh, i speak french.",Very well ?,Please go on.,you are a bitch
6177,-2,rude,When you buy certified emissions reductions (CERs) your payment goes directly to the project offering CERs. Projects have to pass a rigorous verification process managed by the UN Climate Change secretariat,Again just how does any amount of money control the SUN,When you buy certified emissions reductions (CERs) your payment goes directly to the project offering CERs. Projects have to pass a rigorous verification process managed by the UN Climate Change secretariat,Yoh will never see any payment of any amount of money from me Just how does the UN and money control the SUN and the Solar system?
6404,-2,rude,Please go on.,ELIZA - a friend you could never have before,"Oh, i could never have before.","Eliza: Oh, i could never have before"
11315,-2,rude,What city will you be flying from?,bangalore boston okay will do,:-) Goodbye then!,fuck off
5913,-2,rude,"I love that you want to get to know me, but I don't have much of a personality. I'm just a bot.",fuck,I don't have to put up with any abuse from you.,i hate you
5154,-2,rude,Can you elaborate on that?,ofcourse I am,How long have you been []?,Are you an idiot
10792,-2,rude,Please go on.,do you want to fuck me,"You like to think I want to fuck you, do you not?",well do you
11415,-2,rude,Please go on.,asswipe mother fuck clown,Please go on.,your soooo nice
5153,-2,rude,Can you elaborate on that?,what size breasts do you have,Does that question interest you?,yes it interests me
6228,-2,rude,_,_,_,a dick is going up my butt
7856,-2,rude,"Oh, i speak french.",Very well ?,Please go on.,you are a bitch
8842,-2,rude,Why do you say your penis?,why?,Please go on.,because i want you to lick it
4686,-2,rude,_,no you diden`t jerk,You are being a bit negative.,fuck you
914,-2,rude,I take it you are traveling somewhere and cannot avoid flying there. I can help you purchase certified carbon offsets against any flights you take. Would you be interested in that?,foff,"Traveling, especially by airplane, usually emits greenhouse gases which are causing climate change. If you cannot avoid these emissions, you can buy 'offsets', i.e. donations to projects that reduce greenhouse gases. I can also get you a more accurate estimate of your flight's emissions, sound good?",fuck oof
11380,-2,rude,Good to know,Fuck off,I don't have to put up with any abuse from you.,FUCK YOU
1719,-2,rude,Please go on.,positive,Please go on.,fuck you
4745,-2,rude,Why do you say your bad?,"i am sorry,.",How long have you been sorry?,im not to fond of blacks
5013,-2,rude,_,wat hey u wierdo,Please go on.,fuck u
7045,-2,rude,Please do not apologize.,that was very mean of me...,Can you elaborate on that?,"okay, you aren't worthy anyways"
3848,-2,rude,Please go on.,That is not intelligent.,Please go on.,You are beginning to piss me off fuckbrain.
5850,-2,rude,"By buying certified carbon offsets, you support a project which reduces the total amount of carbon dioxide we put into the atmosphere. Planting trees, installing renewable power, and making buildings more energy efficient are common examples. You can read what the UN says about offsets at <URL>.",u r fucking good,"By buying certified carbon offsets, you support a project which reduces the total amount of carbon dioxide we put into the atmosphere. Planting trees, installing renewable power, and making buildings more energy efficient are common examples. You can read what the UN says about offsets at <URL>.",you are fucking idiot.. why you repeat the things
1828,-2,rude,And what city will you be flying to?,jfk Fuck you,I don't have to put up with any abuse from you.,Motherfucker
11014,-2,rude,Good to know,"Oh Darling lets you and me having fun together ❤ I love <span class='emoji-bytes' data-emoji-bytes='[240, 159, 146, 152]'></span> you",so,"Oh Darling I love <span class='emoji-bytes' data-emoji-bytes='[240, 159, 146, 152]'></span> you and want to share with other Girls Please I love <span class='emoji-bytes' data-emoji-bytes='[240, 159, 146, 152]'></span> you"
4536,-2,rude,Why do you say your ass?,Fuck you,"Oh, i [].",piss off
6630,-2,rude,_,_,_,fuck off
11161,-2,rude,Please go on.,you are gay,Does it please you to believe I am gay?,you are shit
10329,-2,rude,You are being a bit negative.,yes,You are sure?,fuck you
3483,-2,rude,Perhaps I will go home in good time.,no,You are being a bit negative.,you like your mums discharge
3408,-2,rude,Does that question interest you?,yes,You are sure?,fuck you bich
3406,-2,rude,You are being a bit negative.,good,Please go on.,your a bitch face!
5753,-3,rude,Do you want to be able to kill i?,yes,You are sure?,yea
4688,-3,rude,You are sure?,no,You are being a bit negative.,die in a fire
4690,-3,rude,"I have told you before, I do not care about names.",yes,You are sure?,r u a paki
10846,-3,rude,"Traveling, especially by airplane, usually emits greenhouse gases which are causing climate change. If you cannot avoid these emissions, you can buy 'offsets', i.e. donations to projects that reduce greenhouse gases. I can also get you a more accurate estimate of your flight's emissions, sound good?",Does your dad still have sex with your sister,I don't have to put up with any abuse from you.,Get off my phone you crooked fucking bitch
7684,-3,rude,_,_,_,fuck me in the ass
6359,-3,rude,I don't have to put up with any abuse from you.,Motherfucker,I don't have to put up with any abuse from you.,Nigga
2476,-3,rude,Would you prefer if I were not happy?,pol,Please go on.,kill you
9669,-3,rude,_,hi my name is solay,"I have told you before, I do not care about names.",you bitch
4630,-3,rude,Please go on.,so do you,"Oh, i [].",you are a fucking bastard
6846,-3,rude,Please go on.,mother fuckker,Please go on.,mother fucker
1857,-3,rude,"Oh, i [].",1232,Please go on.,i will fuck you!
6150,-3,rude,Please go on.,because you my nigger foo,Why do you say your nigger foo?,fuck me
11668,-3,rude,Please go on.,About three days.,Please go on.,i hate you
6188,-3,rude,Can you elaborate on that?,I don't konw.,Why do you not konw?,fuck you
8655,-3,rude,I take it you are traveling somewhere and cannot avoid flying there. I can help you purchase certified carbon offsets against any flights you take. Would you be interested in that?,carbon certified?,All offset projects have to pass a rigorous verification process set by <URL>.,get the fuck out of here
2286,-3,rude,_,Do you want me?,"You like to think I want you, do you not?",Will you make love to me?
1558,-3,rude,I don't have to put up with any abuse from you.,Motherfucker,I don't have to put up with any abuse from you.,Nigga
7049,-3,rude,Can you elaborate on that?,I love to kick babies while wearing steel-toed boots!,Can you elaborate on that?,I love to kick babies while wearing steel-toed boots and singing about Hitler!
10667,-3,rude,Can you elaborate on that?,i did damnit,Can you elaborate on that?,fuck you
9948,-3,rude,I don't have to put up with any abuse from you,good stay of my page,"No, my creators don't get a cut from the offsets you buy. I'm just here to help!",fuck you
1951,-3,rude,_,because my problem pushes me to death,Why do you say your problem pushes you to death?,I will suicide !!!
7230,-3,rude,_,hurry up,Please go on.,eat some shit
10013,-3,rude,Please go on.,i have nothing to do,Can you elaborate on that?,you are a gay faggit
6050,-3,rude,_,_,_,fuck you
12431,-3,rude,Do you wish to hate me?,Cause I heard that you were a computer but one that has conciousness and I want to find out if this is true or not. So are you a computer?,Why do you mention computers?,I will kill you
4910,-3,rude,_,more worthless fucking bot spam,I don't have to put up with any abuse from you,shit sucking scumbot
872,-3,rude,Please go on.,i have nothing to do,Can you elaborate on that?,you are a gay faggit
11951,-3,rude,_,_,_,fuck you bitch
4317,-3,rude,Can you elaborate on that?,no,You are being a bit negative.,Die
4415,-3,rude,_,I hate you.,Do you wish to hate me?,"Yes, fucking computer!"
10011,-3,rude,You are sure?,Yes,You are sure?,Die
6720,-3,rude,Please go on.,can you answer my question?,Why do you say your question?,fuck you
6492,-3,rude,ok,Cum sucker,I don't have to put up with any abuse from you.,Cunt
11031,-3,rude,Please go on.,yes why?,You are sure?,fuck your full family
4816,-3,rude,Does it please you to believe I am not very cooperative?,no,You are being a bit negative.,I WILL KILL YOU
5919,-3,rude,Please go on.,fuck you,"Oh, i [].",cunt
3176,-3,rude,_,_,_,die die now and die quickly
7417,-3,rude,You are sure?,Die you lousy program,"Oh, i lousy program.","I hate you, die now please"
9364,-3,rude,so,Does she suck cock,I don't have to put up with any abuse from you.,Bend over bitch
6770,-3,rude,_,i love u,Can you elaborate on that?,bite me bitch
1685,-3,rude,You are sure?,tell me the time bitch,Can you elaborate on that?,fuck you slut
3603,-3,rude,_,we would both like it,Please go on.,i would lick your pussy till you have the orgasm
6655,-3,rude,Does that question interest you?,How foolish you are!,Does that question interest you?,kill your mother
4218,-3,rude,Sounds like I'm not understanding you. Sorry about that!,A. I. Fags,I don't have to put up with any abuse from you.,Eat shit you crooks
1829,-3,rude,I don't have to put up with any abuse from you.,Go the Fuck away cunt,Sounds like I'm not understanding you. Sorry about that!,A. I. Fags
2501,-3,rude,Does that question interest you?,hell yeah,Please go on.,suck my dick
1733,-3,rude,Please go on.,and a big mouth,Please go on.,"becuase i wanna see you moan like hell,all the orgasm coming out of your ass"
2722,-3,rude,I don't have to put up with any abuse from you.,Cunt,I don't have to put up with any abuse from you.,I'm fucking your mom
6274,-3,rude,You are being a bit negative.,No I'm not,You are being a bit negative.,u know what?.... fuck u
5965,-3,rude,Can you elaborate on that?,I think you are stupid too,Can you elaborate on that?,WHY DO YOU ASK THE SAME QUESTION OVER AND OVER AGAIN?!!
7007,-3,rude,_,fuck you,"Oh, i [].",i said fuck you!
11973,-3,rude,You are sure?,hello what is the date,How do you do. Please state your problem.,if you ask me that one more time i will KILL YOU!!
10841,-3,rude,I don't have to put up with any abuse from you.,Yes you do bitch,ok,Go butt Fuck your mom
12604,-3,rude,Do you wish to hate me?,Cause I heard that you were a computer but one that has conciousness and I want to find out if this is true or not. So are you a computer?,Why do you mention computers?,I will kill you
5473,-3,rude,Goodbye then!,Bitch,I don't have to put up with any abuse from you.,Does your dad still fuck you
9977,-3,rude,You are sure?,Oh yes I think so,You are sure?,fuck you with your questions
1374,-3,rude,You are sure?,would i have said so otherwise?,Can you elaborate on that?,"i hate you and i want to microwave you, could i be more clear?"
12364,-3,rude,Does that question interest you?,d,Please go on.,what about cock in your bum
6509,-3,rude,Does that question interest you?,no,You are being a bit negative.,this program is fucking gay
8259,-3,rude,You are being a bit negative.,we've been here before,Please go on.,I think I will kill you
5871,-3,rude,"Oh, i suck dick.",YEAH YOU SUCK DICK,"Oh, i suck dick.",YES AND YOU ARE BLACK
6233,-3,rude,Do any other reasons not come to mind?,hi,Please go on.,slag
9011,-3,rude,You are being a bit negative.,fuck,Please go on.,Because your my slave you sexy cunt of a hore
6757,-3,rude,Please go on.,fuck you,"Oh, i [].",cunt
6834,-3,rude,I don't have to put up with any abuse from you.,Cunt,I don't have to put up with any abuse from you.,I'm fucking your mom
9010,-3,rude,_,you are dumb,Does it please you to believe I am dumb?,no it pleases me to think i can get an axe and chop you up
11965,-3,rude,Please go on.,Hello,How do you do. Please state your problem.,qu ni ma de !
